length,size,time_CEP_CES_AUT,time_CEP_AUT,time_CES_CEP_AUT,time_AUT
32.0,2000.0,29.208099842071533,72.88380575180054,61.00048327445984,372.2013428211212
