length,size,time_CEP_CES_AUT,time_CEP_AUT,time_CES_CEP_AUT,time_AUT
34.0,2000.0,35.50976610183716,105.40929079055786,82.98296809196472,605.5664048194885
